Name,Chapter,Language,Link
No Holes Barred ,1,EN,https://www.webtoon.xyz/read/no-holes-barred/chapter-01/
No Holes Barred ,2,EN,https://www.webtoon.xyz/read/no-holes-barred/chapter-02/
No Holes Barred ,3,EN,https://www.webtoon.xyz/read/no-holes-barred/chapter-03/
No Holes Barred ,4,EN,https://www.webtoon.xyz/read/no-holes-barred/chapter-04/
No Holes Barred ,5,EN,https://www.webtoon.xyz/read/no-holes-barred/chapter-5/
No Holes Barred ,6,EN,https://www.webtoon.xyz/read/no-holes-barred/chapter-6/
No Holes Barred ,7,EN,https://www.webtoon.xyz/read/no-holes-barred/chapter-7/
No Holes Barred ,8,EN,https://www.webtoon.xyz/read/no-holes-barred/chapter-8/
No Holes Barred ,9,EN,https://www.webtoon.xyz/read/no-holes-barred/chapter-9/
No Holes Barred ,10,EN,https://www.webtoon.xyz/read/no-holes-barred/chapter-10/
No Holes Barred ,11,EN,https://www.webtoon.xyz/read/no-holes-barred/chapter-11/
No Holes Barred ,12,EN,https://www.webtoon.xyz/read/no-holes-barred/chapter-12/
No Holes Barred ,13,EN,https://www.webtoon.xyz/read/no-holes-barred/chapter-13/
No Holes Barred ,14,EN,https://www.webtoon.xyz/read/no-holes-barred/chapter-14/
No Holes Barred ,15,EN,https://www.webtoon.xyz/read/no-holes-barred/chapter-15/
No Holes Barred ,16,EN,https://www.webtoon.xyz/read/no-holes-barred/chapter-16/
No Holes Barred ,17,EN,https://www.webtoon.xyz/read/no-holes-barred/chapter-17/
No Holes Barred ,18,EN,https://www.webtoon.xyz/read/no-holes-barred/chapter-18/
No Holes Barred ,19,EN,https://www.webtoon.xyz/read/no-holes-barred/chapter-19/
No Holes Barred ,20,EN,https://www.webtoon.xyz/read/no-holes-barred/chapter-20/
No Holes Barred ,21,EN,https://www.webtoon.xyz/read/no-holes-barred/chapter-21/
No Holes Barred ,22,EN,https://www.webtoon.xyz/read/no-holes-barred/chapter-22/
No Holes Barred ,23,EN,https://www.webtoon.xyz/read/no-holes-barred/chapter-23/
No Holes Barred ,24,EN,https://www.webtoon.xyz/read/no-holes-barred/chapter-24/
No Holes Barred ,25,EN,https://www.webtoon.xyz/read/no-holes-barred/chapter-25/
No Holes Barred ,26,EN,https://www.webtoon.xyz/read/no-holes-barred/chapter-26/
No Holes Barred ,27,EN,https://www.webtoon.xyz/read/no-holes-barred/chapter-27/
No Holes Barred ,28,EN,https://www.webtoon.xyz/read/no-holes-barred/chapter-28/
No Holes Barred ,29,EN,https://www.webtoon.xyz/read/no-holes-barred/chapter-29/
No Holes Barred ,30,EN,https://www.webtoon.xyz/read/no-holes-barred/chapter-30/
No Holes Barred ,31,EN,https://www.webtoon.xyz/read/no-holes-barred/chapter-31/
No Holes Barred ,32,EN,https://www.webtoon.xyz/read/no-holes-barred/chapter-32/
No Holes Barred ,33,EN,https://www.webtoon.xyz/read/no-holes-barred/chapter-33/
No Holes Barred ,34,EN,https://www.webtoon.xyz/read/no-holes-barred/chapter-34/
No Holes Barred ,35,EN,https://www.webtoon.xyz/read/no-holes-barred/chapter-35/
No Holes Barred ,36,EN,https://www.webtoon.xyz/read/no-holes-barred/chapter-36/
No Holes Barred ,37,EN,https://www.webtoon.xyz/read/no-holes-barred/chapter-37/
No Holes Barred ,38,EN,https://www.webtoon.xyz/read/no-holes-barred/chapter-38/
No Holes Barred ,39,EN,https://www.webtoon.xyz/read/no-holes-barred/chapter-39/
No Holes Barred ,40,EN,https://www.webtoon.xyz/read/no-holes-barred/chapter-40/
No Holes Barred ,41,EN,https://www.webtoon.xyz/read/no-holes-barred/chapter-41/
No Holes Barred ,42,EN,https://www.webtoon.xyz/read/no-holes-barred/chapter-42/
No Holes Barred ,43,EN,https://www.webtoon.xyz/read/no-holes-barred/chapter-43/
No Holes Barred ,44,EN,https://www.webtoon.xyz/read/no-holes-barred/chapter-44/
No Holes Barred ,45,EN,https://www.webtoon.xyz/read/no-holes-barred/chapter-45/
No Holes Barred ,46,EN,https://www.webtoon.xyz/read/no-holes-barred/chapter-46/
No Holes Barred ,47,EN,https://www.webtoon.xyz/read/no-holes-barred/chapter-47/
No Holes Barred ,48,EN,https://www.webtoon.xyz/read/no-holes-barred/chapter-48/
No Holes Barred ,49,EN,https://www.webtoon.xyz/read/no-holes-barred/chapter-49/
No Holes Barred ,50,EN,https://www.webtoon.xyz/read/no-holes-barred/chapter-50/
No Holes Barred ,51,EN,https://www.webtoon.xyz/read/no-holes-barred/chapter-51/
No Holes Barred ,52,EN,https://www.webtoon.xyz/read/no-holes-barred/chapter-52/
No Holes Barred ,53,EN,https://www.webtoon.xyz/read/no-holes-barred/chapter-53/
No Holes Barred ,54,EN,https://www.webtoon.xyz/read/no-holes-barred/chapter-54/
No Holes Barred ,55,EN,https://www.webtoon.xyz/read/no-holes-barred/chapter-55/
No Holes Barred ,56,EN,https://www.webtoon.xyz/read/no-holes-barred/chapter-56/
No Holes Barred ,57,EN,https://www.webtoon.xyz/read/no-holes-barred/chapter-57/
No Holes Barred ,58,EN,https://www.webtoon.xyz/read/no-holes-barred/chapter-58/
No Holes Barred ,59,EN,https://www.webtoon.xyz/read/no-holes-barred/chapter-59/
No Holes Barred ,60,EN,https://www.webtoon.xyz/read/no-holes-barred/chapter-60/
No Holes Barred ,61,EN,https://www.webtoon.xyz/read/no-holes-barred/chapter-61/
No Holes Barred ,62,EN,https://www.webtoon.xyz/read/no-holes-barred/chapter-62/
No Holes Barred ,63,EN,https://www.webtoon.xyz/read/no-holes-barred/chapter-63/
No Holes Barred ,64,EN,https://www.webtoon.xyz/read/no-holes-barred/chapter-64/
No Holes Barred ,65,EN,https://www.webtoon.xyz/read/no-holes-barred/chapter-65/
No Holes Barred ,66,EN,https://www.webtoon.xyz/read/no-holes-barred/chapter-66/
No Holes Barred ,67,EN,https://www.webtoon.xyz/read/no-holes-barred/chapter-67/
No Holes Barred ,68,EN,https://www.webtoon.xyz/read/no-holes-barred/chapter-68/
No Holes Barred ,69,EN,https://www.webtoon.xyz/read/no-holes-barred/chapter-69/
No Holes Barred ,70,EN,https://www.webtoon.xyz/read/no-holes-barred/chapter-70/
No Holes Barred ,71,EN,https://www.webtoon.xyz/read/no-holes-barred/chapter-71/
No Holes Barred ,72,EN,https://www.webtoon.xyz/read/no-holes-barred/chapter-72/
No Holes Barred ,73,EN,https://www.webtoon.xyz/read/no-holes-barred/chapter-73/
No Holes Barred ,74,EN,https://www.webtoon.xyz/read/no-holes-barred/chapter-74/
No Holes Barred ,75,EN,https://www.webtoon.xyz/read/no-holes-barred/chapter-75/
No Holes Barred ,76,EN,https://www.webtoon.xyz/read/no-holes-barred/chapter-76/
No Holes Barred ,77,EN,https://www.webtoon.xyz/read/no-holes-barred/chapter-77/
No Holes Barred ,78,EN,https://www.webtoon.xyz/read/no-holes-barred/chapter-78/
No Holes Barred ,79,EN,https://www.webtoon.xyz/read/no-holes-barred/chapter-79/
No Holes Barred ,80,EN,https://www.webtoon.xyz/read/no-holes-barred/chapter-80/
No Holes Barred ,81,EN,https://www.webtoon.xyz/read/no-holes-barred/chapter-81/
No Holes Barred ,82,EN,https://www.webtoon.xyz/read/no-holes-barred/chapter-82/
No Holes Barred ,83,EN,https://www.webtoon.xyz/read/no-holes-barred/chapter-83/
No Holes Barred ,84,EN,https://www.webtoon.xyz/read/no-holes-barred/chapter-84/
No Holes Barred ,85,EN,https://www.webtoon.xyz/read/no-holes-barred/chapter-85/
No Holes Barred ,86,EN,https://www.webtoon.xyz/read/no-holes-barred/chapter-86/
No Holes Barred ,87,EN,https://www.webtoon.xyz/read/no-holes-barred/chapter-87/
No Holes Barred ,88,EN,https://www.webtoon.xyz/read/no-holes-barred/chapter-88/
No Holes Barred ,89,EN,https://www.webtoon.xyz/read/no-holes-barred/chapter-89/
Sweet Guy,1,EN,https://www.webtoon.xyz/read/sweet-guy/chapter-1/
Sweet Guy,2,EN,https://www.webtoon.xyz/read/sweet-guy/chapter-2/
Sweet Guy,3,EN,https://www.webtoon.xyz/read/sweet-guy/chapter-3/
Sweet Guy,4,EN,https://www.webtoon.xyz/read/sweet-guy/chapter-4/
Sweet Guy,5,EN,https://www.webtoon.xyz/read/sweet-guy/chapter-5/
Sweet Guy,6,EN,https://www.webtoon.xyz/read/sweet-guy/chapter-6/
Sweet Guy,7,EN,https://www.webtoon.xyz/read/sweet-guy/chapter-7/
Sweet Guy,8,EN,https://www.webtoon.xyz/read/sweet-guy/chapter-8/
Sweet Guy,9,EN,https://www.webtoon.xyz/read/sweet-guy/chapter-9/
Sweet Guy,10,EN,https://www.webtoon.xyz/read/sweet-guy/chapter-10/
Sweet Guy,11,EN,https://www.webtoon.xyz/read/sweet-guy/chapter-11/
Sweet Guy,12,EN,https://www.webtoon.xyz/read/sweet-guy/chapter-12/
Sweet Guy,13,EN,https://www.webtoon.xyz/read/sweet-guy/chapter-13/
Sweet Guy,14,EN,https://www.webtoon.xyz/read/sweet-guy/chapter-14/
Sweet Guy,15,EN,https://www.webtoon.xyz/read/sweet-guy/chapter-15/
Sweet Guy,16,EN,https://www.webtoon.xyz/read/sweet-guy/chapter-16/
Sweet Guy,17,EN,https://www.webtoon.xyz/read/sweet-guy/chapter-17/
Sweet Guy,18,EN,https://www.webtoon.xyz/read/sweet-guy/chapter-18/
Sweet Guy,19,EN,https://www.webtoon.xyz/read/sweet-guy/chapter-19/
Sweet Guy,20,EN,https://www.webtoon.xyz/read/sweet-guy/chapter-20/
Sweet Guy,21,EN,https://www.webtoon.xyz/read/sweet-guy/chapter-21/
Sweet Guy,22,EN,https://www.webtoon.xyz/read/sweet-guy/chapter-22/
Sweet Guy,23,EN,https://www.webtoon.xyz/read/sweet-guy/chapter-23/
Sweet Guy,24,EN,https://www.webtoon.xyz/read/sweet-guy/chapter-24/
Sweet Guy,25,EN,https://www.webtoon.xyz/read/sweet-guy/chapter-25/
Sweet Guy,26,EN,https://www.webtoon.xyz/read/sweet-guy/chapter-26/
Sweet Guy,27,EN,https://www.webtoon.xyz/read/sweet-guy/chapter-27/
Sweet Guy,28,EN,https://www.webtoon.xyz/read/sweet-guy/chapter-28/
Sweet Guy,29,EN,https://www.webtoon.xyz/read/sweet-guy/chapter-29/
Sweet Guy,30,EN,https://www.webtoon.xyz/read/sweet-guy/chapter-30/
Sweet Guy,31,EN,https://www.webtoon.xyz/read/sweet-guy/chapter-31/
Sweet Guy,32,EN,https://www.webtoon.xyz/read/sweet-guy/chapter-32/
Sweet Guy,33,EN,https://www.webtoon.xyz/read/sweet-guy/chapter-33/
Sweet Guy,34,EN,https://www.webtoon.xyz/read/sweet-guy/chapter-34/
Sweet Guy,35,EN,https://www.webtoon.xyz/read/sweet-guy/chapter-35/
Sweet Guy,36,EN,https://www.webtoon.xyz/read/sweet-guy/chapter-36/
Sweet Guy,37,EN,https://www.webtoon.xyz/read/sweet-guy/chapter-37/
Sweet Guy,38,EN,https://www.webtoon.xyz/read/sweet-guy/chapter-38/
Sweet Guy,39,EN,https://www.webtoon.xyz/read/sweet-guy/chapter-39/
Sweet Guy,40,EN,https://www.webtoon.xyz/read/sweet-guy/chapter-40/
Sweet Guy,41,EN,https://www.webtoon.xyz/read/sweet-guy/chapter-41/
Sweet Guy,42,EN,https://www.webtoon.xyz/read/sweet-guy/chapter-42/
Sweet Guy,43,EN,https://www.webtoon.xyz/read/sweet-guy/chapter-43/
Sweet Guy,44,EN,https://www.webtoon.xyz/read/sweet-guy/chapter-44/
Sweet Guy,45,EN,https://www.webtoon.xyz/read/sweet-guy/chapter-45/
Sweet Guy,46,EN,https://www.webtoon.xyz/read/sweet-guy/chapter-46/
Sweet Guy,47,EN,https://www.webtoon.xyz/read/sweet-guy/chapter-47/
Sweet Guy,48,EN,https://www.webtoon.xyz/read/sweet-guy/chapter-48/
Sweet Guy,49,EN,https://www.webtoon.xyz/read/sweet-guy/chapter-49/
Sweet Guy,50,EN,https://www.webtoon.xyz/read/sweet-guy/chapter-50/
Sweet Guy,51,EN,https://www.webtoon.xyz/read/sweet-guy/chapter-51/
Sweet Guy,52,EN,https://www.webtoon.xyz/read/sweet-guy/chapter-52/
Sweet Guy,53,EN,https://www.webtoon.xyz/read/sweet-guy/chapter-53/
Sweet Guy,54,EN,https://www.webtoon.xyz/read/sweet-guy/chapter-54/
Sweet Guy,55,EN,https://www.webtoon.xyz/read/sweet-guy/chapter-55/
Sweet Guy,56,EN,https://www.webtoon.xyz/read/sweet-guy/chapter-56/
Sweet Guy,57,EN,https://www.webtoon.xyz/read/sweet-guy/chapter-57/
Sweet Guy,58,EN,https://www.webtoon.xyz/read/sweet-guy/chapter-58/
Sweet Guy,59,EN,https://www.webtoon.xyz/read/sweet-guy/chapter-59/
Sweet Guy,60,EN,https://www.webtoon.xyz/read/sweet-guy/chapter-60/
Sweet Guy,61,EN,https://www.webtoon.xyz/read/sweet-guy/chapter-61/
Sweet Guy,62,EN,https://www.webtoon.xyz/read/sweet-guy/chapter-62/
Sweet Guy,63,EN,https://www.webtoon.xyz/read/sweet-guy/chapter-63/
Sweet Guy,64,EN,https://www.webtoon.xyz/read/sweet-guy/chapter-64/
Sweet Guy,65,EN,https://www.webtoon.xyz/read/sweet-guy/chapter-65/
Sweet Guy,66,EN,https://www.webtoon.xyz/read/sweet-guy/chapter-66/
Sweet Guy,67,EN,https://www.webtoon.xyz/read/sweet-guy/chapter-67/
Sweet Guy,68,EN,https://www.webtoon.xyz/read/sweet-guy/chapter-68/
Sweet Guy,69,EN,https://www.webtoon.xyz/read/sweet-guy/chapter-69/
Sweet Guy,70,EN,https://www.webtoon.xyz/read/sweet-guy/chapter-70/
Sweet Guy,71,EN,https://www.webtoon.xyz/read/sweet-guy/chapter-71/
Sweet Guy,72,EN,https://www.webtoon.xyz/read/sweet-guy/chapter-72/
Sweet Guy,73,EN,https://www.webtoon.xyz/read/sweet-guy/chapter-73/
Sweet Guy,74,EN,https://www.webtoon.xyz/read/sweet-guy/chapter-74/
Sweet Guy,75,EN,https://www.webtoon.xyz/read/sweet-guy/chapter-75/
Stepmother Friends,1,EN,https://www.webtoon.xyz/read/stepmother-friends/chapter-1/
Stepmother Friends,2,EN,https://www.webtoon.xyz/read/stepmother-friends/chapter-2/
Stepmother Friends,3,EN,https://www.webtoon.xyz/read/stepmother-friends/chapter-3/
Stepmother Friends,4,EN,https://www.webtoon.xyz/read/stepmother-friends/chapter-4/
Stepmother Friends,5,EN,https://www.webtoon.xyz/read/stepmother-friends/chapter-5/
Stepmother Friends,6,EN,https://www.webtoon.xyz/read/stepmother-friends/chapter-6/
Stepmother Friends,7,EN,https://www.webtoon.xyz/read/stepmother-friends/chapter-7/
Stepmother Friends,8,EN,https://www.webtoon.xyz/read/stepmother-friends/chapter-8/
Stepmother Friends,9,EN,https://www.webtoon.xyz/read/stepmother-friends/chapter-9/
Stepmother Friends,10,EN,https://www.webtoon.xyz/read/stepmother-friends/chapter-10/
Stepmother Friends,11,EN,https://www.webtoon.xyz/read/stepmother-friends/chapter-11/
Stepmother Friends,12,EN,https://www.webtoon.xyz/read/stepmother-friends/chapter-12/
Stepmother Friends,13,EN,https://www.webtoon.xyz/read/stepmother-friends/chapter-13/
Stepmother Friends,14,EN,https://www.webtoon.xyz/read/stepmother-friends/chapter-14/
Stepmother Friends,15,EN,https://www.webtoon.xyz/read/stepmother-friends/chapter-15/
Stepmother Friends,16,EN,https://www.webtoon.xyz/read/stepmother-friends/chapter-16/
Stepmother Friends,17,EN,https://www.webtoon.xyz/read/stepmother-friends/chapter-17/
Stepmother Friends,18,EN,https://www.webtoon.xyz/read/stepmother-friends/chapter-18/
Stepmother Friends,19,EN,https://www.webtoon.xyz/read/stepmother-friends/chapter-19/
Stepmother Friends,20,EN,https://www.webtoon.xyz/read/stepmother-friends/chapter-20/
Stepmother Friends,21,EN,https://www.webtoon.xyz/read/stepmother-friends/chapter-21/
Stepmother Friends,22,EN,https://www.webtoon.xyz/read/stepmother-friends/chapter-22/
Stepmother Friends,23,EN,https://www.webtoon.xyz/read/stepmother-friends/chapter-23/
Stepmother Friends,24,EN,https://www.webtoon.xyz/read/stepmother-friends/chapter-24/
Stepmother Friends,25,EN,https://www.webtoon.xyz/read/stepmother-friends/chapter-25/
Stepmother Friends,26,EN,https://www.webtoon.xyz/read/stepmother-friends/chapter-26/
Stepmother Friends,27,EN,https://www.webtoon.xyz/read/stepmother-friends/chapter-27/
Stepmother Friends,28,EN,https://www.webtoon.xyz/read/stepmother-friends/chapter-28/
Stepmother Friends,29,EN,https://www.webtoon.xyz/read/stepmother-friends/chapter-29/
Stepmother Friends,30,EN,https://www.webtoon.xyz/read/stepmother-friends/chapter-30/
Stepmother Friends,31,EN,https://www.webtoon.xyz/read/stepmother-friends/chapter-31/
Stepmother Friends,32,EN,https://www.webtoon.xyz/read/stepmother-friends/chapter-32/
Stepmother Friends,33,EN,https://www.webtoon.xyz/read/stepmother-friends/chapter-33/
Stepmother Friends,34,EN,https://www.webtoon.xyz/read/stepmother-friends/chapter-34/
Stepmother Friends,35,EN,https://www.webtoon.xyz/read/stepmother-friends/chapter-35/
Stepmother Friends,36,EN,https://www.webtoon.xyz/read/stepmother-friends/chapter-36/
Stepmother Friends,37,EN,https://www.webtoon.xyz/read/stepmother-friends/chapter-37/
Stepmother Friends,38,EN,https://www.webtoon.xyz/read/stepmother-friends/chapter-38/
Stepmother Friends,39,EN,https://www.webtoon.xyz/read/stepmother-friends/chapter-39/
Stepmother Friends,40,EN,https://www.webtoon.xyz/read/stepmother-friends/chapter-40/
Stepmother Friends,41,EN,https://www.webtoon.xyz/read/stepmother-friends/chapter-41/
Stepmother Friends,42,EN,https://www.webtoon.xyz/read/stepmother-friends/chapter-42/
Stepmother Friends,43,EN,https://www.webtoon.xyz/read/stepmother-friends/chapter-43/
Stepmother Friends,44,EN,https://www.webtoon.xyz/read/stepmother-friends/chapter-44/
Stepmother Friends,45,EN,https://www.webtoon.xyz/read/stepmother-friends/chapter-45/
Stepmother Friends,46,EN,https://www.webtoon.xyz/read/stepmother-friends/chapter-46/
Stepmother Friends,47,EN,https://www.webtoon.xyz/read/stepmother-friends/chapter-47/
Stepmother Friends,48,EN,https://www.webtoon.xyz/read/stepmother-friends/chapter-48/
Stepmother Friends,49,EN,https://www.webtoon.xyz/read/stepmother-friends/chapter-49/
Stepmother Friends,50,EN,https://www.webtoon.xyz/read/stepmother-friends/chapter-50/
Stepmother Friends,51,EN,https://www.webtoon.xyz/read/stepmother-friends/chapter-51/
Stepmother Friends,52,EN,https://www.webtoon.xyz/read/stepmother-friends/chapter-52/
Stepmother Friends,53,EN,https://www.webtoon.xyz/read/stepmother-friends/chapter-53/
Stepmother Friends,54,EN,https://www.webtoon.xyz/read/stepmother-friends/chapter-54/
Stepmother Friends,55,EN,https://www.webtoon.xyz/read/stepmother-friends/chapter-55/
Stepmother Friends,56,EN,https://www.webtoon.xyz/read/stepmother-friends/chapter-56/
Stepmother Friends,57,EN,https://www.webtoon.xyz/read/stepmother-friends/chapter-57/
Stepmother Friends,58,EN,https://www.webtoon.xyz/read/stepmother-friends/chapter-58/
Stepmother Friends,59,EN,https://www.webtoon.xyz/read/stepmother-friends/chapter-59/
Stepmother Friends,60,EN,https://www.webtoon.xyz/read/stepmother-friends/chapter-60/
Stepmother Friends,61,EN,https://www.webtoon.xyz/read/stepmother-friends/chapter-61/
Stepmother Friends,62,EN,https://www.webtoon.xyz/read/stepmother-friends/chapter-62/
Stepmother Friends,63,EN,https://www.webtoon.xyz/read/stepmother-friends/chapter-63/
Stepmother Friends,64,EN,https://www.webtoon.xyz/read/stepmother-friends/chapter-64/
Stepmother Friends,65,EN,https://www.webtoon.xyz/read/stepmother-friends/chapter-65/
Stepmother Friends,66,EN,https://www.webtoon.xyz/read/stepmother-friends/chapter-66/
Stepmother Friends,67,EN,https://www.webtoon.xyz/read/stepmother-friends/chapter-67/
Stepmother Friends,68,EN,https://www.webtoon.xyz/read/stepmother-friends/chapter-68/
Stepmother Friends,69,EN,https://www.webtoon.xyz/read/stepmother-friends/chapter-69/
Stepmother Friends,70,EN,https://www.webtoon.xyz/read/stepmother-friends/chapter-70/
Stepmother Friends,71,EN,https://www.webtoon.xyz/read/stepmother-friends/chapter-71/
Stepmother Friends,72,EN,https://www.webtoon.xyz/read/stepmother-friends/chapter-72/
Stepmother Friends,73,EN,https://www.webtoon.xyz/read/stepmother-friends/chapter-73/
Stepmother Friends,74,EN,https://www.webtoon.xyz/read/stepmother-friends/chapter-74/
Stepmother Friends,75,EN,https://www.webtoon.xyz/read/stepmother-friends/chapter-75/
Stepmother Friends,76,EN,https://www.webtoon.xyz/read/stepmother-friends/chapter-76/
Stepmother Friends,77,EN,https://www.webtoon.xyz/read/stepmother-friends/chapter-77/
Stepmother Friends,78,EN,https://www.webtoon.xyz/read/stepmother-friends/chapter-78/
Stepmother Friends,79,EN,https://www.webtoon.xyz/read/stepmother-friends/chapter-79/
Stepmother Friends,80,EN,https://www.webtoon.xyz/read/stepmother-friends/chapter-80/
Stepmother Friends,81,EN,https://www.webtoon.xyz/read/stepmother-friends/chapter-81/
Stepmother Friends,82,EN,https://www.webtoon.xyz/read/stepmother-friends/chapter-82/
Stepmother Friends,83,EN,https://www.webtoon.xyz/read/stepmother-friends/chapter-83/
Stepmother Friends,84,EN,https://www.webtoon.xyz/read/stepmother-friends/chapter-84/
Stepmother Friends,85,EN,https://www.webtoon.xyz/read/stepmother-friends/chapter-85/
Stepmother Friends,86,EN,https://www.webtoon.xyz/read/stepmother-friends/chapter-86/
Stepmother Friends,87,EN,https://www.webtoon.xyz/read/stepmother-friends/chapter-87/
Stepmother Friends,88,EN,https://www.webtoon.xyz/read/stepmother-friends/chapter-88/
Stepmother Friends,89,EN,https://www.webtoon.xyz/read/stepmother-friends/chapter-89/
Stepmother Friends,90,EN,https://www.webtoon.xyz/read/stepmother-friends/chapter-90/
Stepmother Friends,91,EN,https://www.webtoon.xyz/read/stepmother-friends/chapter-91/
My Kingdom (Silent War),1,EN,https://www.webtoon.xyz/read/my-kingdom-silent-war/chapter-1/
My Kingdom (Silent War),2,EN,https://www.webtoon.xyz/read/my-kingdom-silent-war/chapter-2/
My Kingdom (Silent War),3,EN,https://www.webtoon.xyz/read/my-kingdom-silent-war/chapter-3/
My Kingdom (Silent War),4,EN,https://www.webtoon.xyz/read/my-kingdom-silent-war/chapter-4/
My Kingdom (Silent War),5,EN,https://www.webtoon.xyz/read/my-kingdom-silent-war/chapter-5/
My Kingdom (Silent War),6,EN,https://www.webtoon.xyz/read/my-kingdom-silent-war/chapter-6/
My Kingdom (Silent War),7,EN,https://www.webtoon.xyz/read/my-kingdom-silent-war/chapter-7/
My Kingdom (Silent War),8,EN,https://www.webtoon.xyz/read/my-kingdom-silent-war/chapter-8/
My Kingdom (Silent War),9,EN,https://www.webtoon.xyz/read/my-kingdom-silent-war/chapter-9/
My Kingdom (Silent War),10,EN,https://www.webtoon.xyz/read/my-kingdom-silent-war/chapter-10/
My Kingdom (Silent War),11,EN,https://www.webtoon.xyz/read/my-kingdom-silent-war/chapter-11/
My Kingdom (Silent War),12,EN,https://www.webtoon.xyz/read/my-kingdom-silent-war/chapter-12/
My Kingdom (Silent War),13,EN,https://www.webtoon.xyz/read/my-kingdom-silent-war/chapter-13/
My Kingdom (Silent War),14,EN,https://www.webtoon.xyz/read/my-kingdom-silent-war/chapter-14/
My Kingdom (Silent War),15,EN,https://www.webtoon.xyz/read/my-kingdom-silent-war/chapter-15/
My Kingdom (Silent War),16,EN,https://www.webtoon.xyz/read/my-kingdom-silent-war/chapter-16/
My Kingdom (Silent War),17,EN,https://www.webtoon.xyz/read/my-kingdom-silent-war/chapter-17/
My Kingdom (Silent War),18,EN,https://www.webtoon.xyz/read/my-kingdom-silent-war/chapter-18/
My Kingdom (Silent War),19,EN,https://www.webtoon.xyz/read/my-kingdom-silent-war/chapter-19/
My Kingdom (Silent War),20,EN,https://www.webtoon.xyz/read/my-kingdom-silent-war/chapter-20/
My Kingdom (Silent War),21,EN,https://www.webtoon.xyz/read/my-kingdom-silent-war/chapter-21/
My Kingdom (Silent War),22,EN,https://www.webtoon.xyz/read/my-kingdom-silent-war/chapter-22/
My Kingdom (Silent War),23,EN,https://www.webtoon.xyz/read/my-kingdom-silent-war/chapter-23/
My Kingdom (Silent War),24,EN,https://www.webtoon.xyz/read/my-kingdom-silent-war/chapter-24/
My Kingdom (Silent War),25,EN,https://www.webtoon.xyz/read/my-kingdom-silent-war/chapter-25/
My Kingdom (Silent War),26,EN,https://www.webtoon.xyz/read/my-kingdom-silent-war/chapter-26/
My Kingdom (Silent War),27,EN,https://www.webtoon.xyz/read/my-kingdom-silent-war/chapter-27/
My Kingdom (Silent War),28,EN,https://www.webtoon.xyz/read/my-kingdom-silent-war/chapter-28/
My Kingdom (Silent War),29,EN,https://www.webtoon.xyz/read/my-kingdom-silent-war/chapter-29/
My Kingdom (Silent War),30,EN,https://www.webtoon.xyz/read/my-kingdom-silent-war/chapter-30/
My Kingdom (Silent War),31,EN,https://www.webtoon.xyz/read/my-kingdom-silent-war/chapter-31/
My Kingdom (Silent War),32,EN,https://www.webtoon.xyz/read/my-kingdom-silent-war/chapter-32/
My Kingdom (Silent War),33,EN,https://www.webtoon.xyz/read/my-kingdom-silent-war/chapter-33/
My Kingdom (Silent War),34,EN,https://www.webtoon.xyz/read/my-kingdom-silent-war/chapter-34/
My Kingdom (Silent War),35,EN,https://www.webtoon.xyz/read/my-kingdom-silent-war/chapter-35/
My Kingdom (Silent War),36,EN,https://www.webtoon.xyz/read/my-kingdom-silent-war/chapter-36/
My Kingdom (Silent War),37,EN,https://www.webtoon.xyz/read/my-kingdom-silent-war/chapter-37/
My Kingdom (Silent War),38,EN,https://www.webtoon.xyz/read/my-kingdom-silent-war/chapter-38/
My Kingdom (Silent War),39,EN,https://www.webtoon.xyz/read/my-kingdom-silent-war/chapter-39/
My Kingdom (Silent War),40,EN,https://www.webtoon.xyz/read/my-kingdom-silent-war/chapter-40/
My Kingdom (Silent War),41,EN,https://www.webtoon.xyz/read/my-kingdom-silent-war/chapter-41/
My Kingdom (Silent War),42,EN,https://www.webtoon.xyz/read/my-kingdom-silent-war/chapter-42/
My Kingdom (Silent War),43,EN,https://www.webtoon.xyz/read/my-kingdom-silent-war/chapter-43/
My Kingdom (Silent War),44,EN,https://www.webtoon.xyz/read/my-kingdom-silent-war/chapter-44/
My Kingdom (Silent War),45,EN,https://www.webtoon.xyz/read/my-kingdom-silent-war/chapter-45/
My Kingdom (Silent War),46,EN,https://www.webtoon.xyz/read/my-kingdom-silent-war/chapter-46/
My Kingdom (Silent War),47,EN,https://www.webtoon.xyz/read/my-kingdom-silent-war/chapter-47/
My Kingdom (Silent War),48,EN,https://www.webtoon.xyz/read/my-kingdom-silent-war/chapter-48/
My Kingdom (Silent War),49,EN,https://www.webtoon.xyz/read/my-kingdom-silent-war/chapter-49/
My Kingdom (Silent War),50,EN,https://www.webtoon.xyz/read/my-kingdom-silent-war/chapter-50/
My Kingdom (Silent War),51,EN,https://www.webtoon.xyz/read/my-kingdom-silent-war/chapter-51/
My Kingdom (Silent War),52,EN,https://www.webtoon.xyz/read/my-kingdom-silent-war/chapter-52/
My Kingdom (Silent War),53,EN,https://www.webtoon.xyz/read/my-kingdom-silent-war/chapter-53/
My Kingdom (Silent War),54,EN,https://www.webtoon.xyz/read/my-kingdom-silent-war/chapter-54/
My Kingdom (Silent War),55,EN,https://www.webtoon.xyz/read/my-kingdom-silent-war/chapter-55/
My Kingdom (Silent War),56,EN,https://www.webtoon.xyz/read/my-kingdom-silent-war/chapter-56/
My Kingdom (Silent War),57,EN,https://www.webtoon.xyz/read/my-kingdom-silent-war/chapter-57/
My Kingdom (Silent War),58,EN,https://www.webtoon.xyz/read/my-kingdom-silent-war/chapter-58/
My Kingdom (Silent War),59,EN,https://www.webtoon.xyz/read/my-kingdom-silent-war/chapter-59/
My Kingdom (Silent War),60,EN,https://www.webtoon.xyz/read/my-kingdom-silent-war/chapter-60/
My Kingdom (Silent War),61,EN,https://www.webtoon.xyz/read/my-kingdom-silent-war/chapter-61/
My Kingdom (Silent War),62,EN,https://www.webtoon.xyz/read/my-kingdom-silent-war/chapter-62/
My Kingdom (Silent War),63,EN,https://www.webtoon.xyz/read/my-kingdom-silent-war/chapter-63/
My Kingdom (Silent War),64,EN,https://www.webtoon.xyz/read/my-kingdom-silent-war/chapter-64/
My Kingdom (Silent War),65,EN,https://www.webtoon.xyz/read/my-kingdom-silent-war/chapter-65/
My Kingdom (Silent War),66,EN,https://www.webtoon.xyz/read/my-kingdom-silent-war/chapter-66/
My Kingdom (Silent War),67,EN,https://www.webtoon.xyz/read/my-kingdom-silent-war/chapter-67/
My Kingdom (Silent War),68,EN,https://www.webtoon.xyz/read/my-kingdom-silent-war/chapter-68/
My Kingdom (Silent War),69,EN,https://www.webtoon.xyz/read/my-kingdom-silent-war/chapter-69/
My Kingdom (Silent War),70,EN,https://www.webtoon.xyz/read/my-kingdom-silent-war/chapter-70/
My Kingdom (Silent War),71,EN,https://www.webtoon.xyz/read/my-kingdom-silent-war/chapter-71/
My Kingdom (Silent War),72,EN,https://www.webtoon.xyz/read/my-kingdom-silent-war/chapter-72/
My Kingdom (Silent War),73,EN,https://www.webtoon.xyz/read/my-kingdom-silent-war/chapter-73/
My Kingdom (Silent War),74,EN,https://www.webtoon.xyz/read/my-kingdom-silent-war/chapter-74/
My Kingdom (Silent War),75,EN,https://www.webtoon.xyz/read/my-kingdom-silent-war/chapter-75/
My Kingdom (Silent War),76,EN,https://www.webtoon.xyz/read/my-kingdom-silent-war/chapter-76/
My Kingdom (Silent War),77,EN,https://www.webtoon.xyz/read/my-kingdom-silent-war/chapter-77/
My Kingdom (Silent War),78,EN,https://www.webtoon.xyz/read/my-kingdom-silent-war/chapter-78/
My Kingdom (Silent War),79,EN,https://www.webtoon.xyz/read/my-kingdom-silent-war/chapter-79/
My Kingdom (Silent War),80,EN,https://www.webtoon.xyz/read/my-kingdom-silent-war/chapter-80/
My Kingdom (Silent War),81,EN,https://www.webtoon.xyz/read/my-kingdom-silent-war/chapter-81/
My Kingdom (Silent War),82,EN,https://www.webtoon.xyz/read/my-kingdom-silent-war/chapter-82/
My Kingdom (Silent War),83,EN,https://www.webtoon.xyz/read/my-kingdom-silent-war/chapter-83/
My Kingdom (Silent War),84,EN,https://www.webtoon.xyz/read/my-kingdom-silent-war/chapter-84/
My Kingdom (Silent War),85,EN,https://www.webtoon.xyz/read/my-kingdom-silent-war/chapter-85/
My Kingdom (Silent War),86,EN,https://www.webtoon.xyz/read/my-kingdom-silent-war/chapter-86/
My Kingdom (Silent War),87,EN,https://www.webtoon.xyz/read/my-kingdom-silent-war/chapter-87/
My Kingdom (Silent War),88,EN,https://www.webtoon.xyz/read/my-kingdom-silent-war/chapter-88/
My Kingdom (Silent War),89,EN,https://www.webtoon.xyz/read/my-kingdom-silent-war/chapter-89/
My Kingdom (Silent War),90,EN,https://www.webtoon.xyz/read/my-kingdom-silent-war/chapter-90/
My Kingdom (Silent War),91,EN,https://www.webtoon.xyz/read/my-kingdom-silent-war/chapter-91/
My Kingdom (Silent War),92,EN,https://www.webtoon.xyz/read/my-kingdom-silent-war/chapter-92/
My Kingdom (Silent War),93,EN,https://www.webtoon.xyz/read/my-kingdom-silent-war/chapter-93/
My Kingdom (Silent War),94,EN,https://www.webtoon.xyz/read/my-kingdom-silent-war/chapter-94/
My Kingdom (Silent War),95,EN,https://www.webtoon.xyz/read/my-kingdom-silent-war/chapter-95/
My Kingdom (Silent War),96,EN,https://www.webtoon.xyz/read/my-kingdom-silent-war/chapter-96/
My Kingdom (Silent War),97,EN,https://www.webtoon.xyz/read/my-kingdom-silent-war/chapter-97/
My Kingdom (Silent War),98,EN,https://www.webtoon.xyz/read/my-kingdom-silent-war/chapter-98/
My Kingdom (Silent War),99,EN,https://www.webtoon.xyz/read/my-kingdom-silent-war/chapter-99/
My Kingdom (Silent War),100,EN,https://www.webtoon.xyz/read/my-kingdom-silent-war/chapter-100/
My Kingdom (Silent War),101,EN,https://www.webtoon.xyz/read/my-kingdom-silent-war/chapter-101/
My Kingdom (Silent War),102,EN,https://www.webtoon.xyz/read/my-kingdom-silent-war/chapter-102/
My Kingdom (Silent War),103,EN,https://www.webtoon.xyz/read/my-kingdom-silent-war/chapter-103/
My Kingdom (Silent War),104,EN,https://www.webtoon.xyz/read/my-kingdom-silent-war/chapter-104/
My Kingdom (Silent War),105,EN,https://www.webtoon.xyz/read/my-kingdom-silent-war/chapter-105/
My Kingdom (Silent War),106,EN,https://www.webtoon.xyz/read/my-kingdom-silent-war/chapter-106/
My Kingdom (Silent War),107,EN,https://www.webtoon.xyz/read/my-kingdom-silent-war/chapter-107/
My Kingdom (Silent War),108,EN,https://www.webtoon.xyz/read/my-kingdom-silent-war/chapter-108/
My Kingdom (Silent War),109,EN,https://www.webtoon.xyz/read/my-kingdom-silent-war/chapter-109/
My Kingdom (Silent War),110,EN,https://www.webtoon.xyz/read/my-kingdom-silent-war/chapter-110/
My Kingdom (Silent War),111,EN,https://www.webtoon.xyz/read/my-kingdom-silent-war/chapter-111/
My Kingdom (Silent War),112,EN,https://www.webtoon.xyz/read/my-kingdom-silent-war/chapter-112/
My Kingdom (Silent War),113,EN,https://www.webtoon.xyz/read/my-kingdom-silent-war/chapter-113/
My Kingdom (Silent War),114,EN,https://www.webtoon.xyz/read/my-kingdom-silent-war/chapter-114/
My Kingdom (Silent War),115,EN,https://www.webtoon.xyz/read/my-kingdom-silent-war/chapter-115/
My Kingdom (Silent War),116,EN,https://www.webtoon.xyz/read/my-kingdom-silent-war/chapter-116/
My Kingdom (Silent War),117,EN,https://www.webtoon.xyz/read/my-kingdom-silent-war/chapter-117/
My Kingdom (Silent War),118,EN,https://www.webtoon.xyz/read/my-kingdom-silent-war/chapter-118/
My Kingdom (Silent War),119,EN,https://www.webtoon.xyz/read/my-kingdom-silent-war/chapter-119/
My Kingdom (Silent War),120,EN,https://www.webtoon.xyz/read/my-kingdom-silent-war/chapter-120/
My Kingdom (Silent War),121,EN,https://www.webtoon.xyz/read/my-kingdom-silent-war/chapter-121/
My Kingdom (Silent War),122,EN,https://www.webtoon.xyz/read/my-kingdom-silent-war/chapter-122/
My Kingdom (Silent War),123,EN,https://www.webtoon.xyz/read/my-kingdom-silent-war/chapter-123/
My Kingdom (Silent War),124,EN,https://www.webtoon.xyz/read/my-kingdom-silent-war/chapter-124/
My Kingdom (Silent War),125,EN,https://www.webtoon.xyz/read/my-kingdom-silent-war/chapter-125/
My Kingdom (Silent War),126,EN,https://www.webtoon.xyz/read/my-kingdom-silent-war/chapter-126/
My Kingdom (Silent War),127,EN,https://www.webtoon.xyz/read/my-kingdom-silent-war/chapter-127/
My Kingdom (Silent War),128,EN,https://www.webtoon.xyz/read/my-kingdom-silent-war/chapter-128/
My Kingdom (Silent War),129,EN,https://www.webtoon.xyz/read/my-kingdom-silent-war/chapter-129/
My Kingdom (Silent War),130,EN,https://www.webtoon.xyz/read/my-kingdom-silent-war/chapter-130/
My Kingdom (Silent War),131,EN,https://www.webtoon.xyz/read/my-kingdom-silent-war/chapter-131/
My Kingdom (Silent War),132,EN,https://www.webtoon.xyz/read/my-kingdom-silent-war/chapter-132/
My Kingdom (Silent War),133,EN,https://www.webtoon.xyz/read/my-kingdom-silent-war/chapter-133/
My Kingdom (Silent War),134,EN,https://www.webtoon.xyz/read/my-kingdom-silent-war/chapter-134/
My Kingdom (Silent War),135,EN,https://www.webtoon.xyz/read/my-kingdom-silent-war/chapter-135/
My Kingdom (Silent War),136,EN,https://www.webtoon.xyz/read/my-kingdom-silent-war/chapter-136/
My Kingdom (Silent War),137,EN,https://www.webtoon.xyz/read/my-kingdom-silent-war/chapter-137/
My Kingdom (Silent War),138,EN,https://www.webtoon.xyz/read/my-kingdom-silent-war/chapter-138/
My Kingdom (Silent War),139,EN,https://www.webtoon.xyz/read/my-kingdom-silent-war/chapter-139/
My Kingdom (Silent War),140,EN,https://www.webtoon.xyz/read/my-kingdom-silent-war/chapter-140/
My Kingdom (Silent War),141,EN,https://www.webtoon.xyz/read/my-kingdom-silent-war/chapter-141/
My Kingdom (Silent War),142,EN,https://www.webtoon.xyz/read/my-kingdom-silent-war/chapter-142/
My Kingdom (Silent War),143,EN,https://www.webtoon.xyz/read/my-kingdom-silent-war/chapter-143/
My Kingdom (Silent War),144,EN,https://www.webtoon.xyz/read/my-kingdom-silent-war/chapter-144/
My Kingdom (Silent War),145,EN,https://www.webtoon.xyz/read/my-kingdom-silent-war/chapter-145/
My Kingdom (Silent War),146,EN,https://www.webtoon.xyz/read/my-kingdom-silent-war/chapter-146/
My Kingdom (Silent War),147,EN,https://www.webtoon.xyz/read/my-kingdom-silent-war/chapter-147/
My Kingdom (Silent War),148,EN,https://www.webtoon.xyz/read/my-kingdom-silent-war/chapter-148/
The Sharehouse,0,EN,https://www.webtoon.xyz/read/the-sharehouse/chapter-0/
The Sharehouse,1,EN,https://www.webtoon.xyz/read/the-sharehouse/chapter-1/
The Sharehouse,2,EN,https://www.webtoon.xyz/read/the-sharehouse/chapter-2/
The Sharehouse,3,EN,https://www.webtoon.xyz/read/the-sharehouse/chapter-3/
The Sharehouse,4,EN,https://www.webtoon.xyz/read/the-sharehouse/chapter-4/
The Sharehouse,5,EN,https://www.webtoon.xyz/read/the-sharehouse/chapter-5/
The Sharehouse,6,EN,https://www.webtoon.xyz/read/the-sharehouse/chapter-6/
The Sharehouse,7,EN,https://www.webtoon.xyz/read/the-sharehouse/chapter-7/
The Sharehouse,8,EN,https://www.webtoon.xyz/read/the-sharehouse/chapter-8/
The Sharehouse,9,EN,https://www.webtoon.xyz/read/the-sharehouse/chapter-9/
The Sharehouse,10,EN,https://www.webtoon.xyz/read/the-sharehouse/chapter-10/
The Sharehouse,11,EN,https://www.webtoon.xyz/read/the-sharehouse/chapter-11/
The Sharehouse,12,EN,https://www.webtoon.xyz/read/the-sharehouse/chapter-12/
The Sharehouse,13,EN,https://www.webtoon.xyz/read/the-sharehouse/chapter-13/
The Sharehouse,14,EN,https://www.webtoon.xyz/read/the-sharehouse/chapter-14/
The Sharehouse,15,EN,https://www.webtoon.xyz/read/the-sharehouse/chapter-15/
The Sharehouse,16,EN,https://www.webtoon.xyz/read/the-sharehouse/chapter-16/
The Sharehouse,17,EN,https://www.webtoon.xyz/read/the-sharehouse/chapter-17/
The Sharehouse,18,EN,https://www.webtoon.xyz/read/the-sharehouse/chapter-18/
The Sharehouse,19,EN,https://www.webtoon.xyz/read/the-sharehouse/chapter-19/
The Sharehouse,20,EN,https://www.webtoon.xyz/read/the-sharehouse/chapter-20/
The Sharehouse,21,EN,https://www.webtoon.xyz/read/the-sharehouse/chapter-21/
The Sharehouse,22,EN,https://www.webtoon.xyz/read/the-sharehouse/chapter-22/
The Sharehouse,23,EN,https://www.webtoon.xyz/read/the-sharehouse/chapter-23/
The Sharehouse,24,EN,https://www.webtoon.xyz/read/the-sharehouse/chapter-24/
The Sharehouse,25,EN,https://www.webtoon.xyz/read/the-sharehouse/chapter-25/
The Sharehouse,26,EN,https://www.webtoon.xyz/read/the-sharehouse/chapter-26/
The Sharehouse,27,EN,https://www.webtoon.xyz/read/the-sharehouse/chapter-27/
The Sharehouse,28,EN,https://www.webtoon.xyz/read/the-sharehouse/chapter-28/
The Sharehouse,29,EN,https://www.webtoon.xyz/read/the-sharehouse/chapter-29/
The Sharehouse,30,EN,https://www.webtoon.xyz/read/the-sharehouse/chapter-30/
The Sharehouse,31,EN,https://www.webtoon.xyz/read/the-sharehouse/chapter-31/
The Sharehouse,32,EN,https://www.webtoon.xyz/read/the-sharehouse/chapter-32/
The Sharehouse,33,EN,https://www.webtoon.xyz/read/the-sharehouse/chapter-33/
The Sharehouse,34,EN,https://www.webtoon.xyz/read/the-sharehouse/chapter-34/
The Sharehouse,35,EN,https://www.webtoon.xyz/read/the-sharehouse/chapter-35/
The Sharehouse,36,EN,https://www.webtoon.xyz/read/the-sharehouse/chapter-36/
The Sharehouse,37,EN,https://www.webtoon.xyz/read/the-sharehouse/chapter-37/
The Sharehouse,38,EN,https://www.webtoon.xyz/read/the-sharehouse/chapter-38/
The Sharehouse,39,EN,https://www.webtoon.xyz/read/the-sharehouse/chapter-39/
The Sharehouse,40,EN,https://www.webtoon.xyz/read/the-sharehouse/chapter-40/
The Sharehouse,41,EN,https://www.webtoon.xyz/read/the-sharehouse/chapter-41/
The Sharehouse,42,EN,https://www.webtoon.xyz/read/the-sharehouse/chapter-42/
The Sharehouse,43,EN,https://www.webtoon.xyz/read/the-sharehouse/chapter-43/
The Sharehouse,44,EN,https://www.webtoon.xyz/read/the-sharehouse/chapter-44/
The Sharehouse,45,EN,https://www.webtoon.xyz/read/the-sharehouse/chapter-45/
The Sharehouse,46,EN,https://www.webtoon.xyz/read/the-sharehouse/chapter-46/
The Sharehouse,47,EN,https://www.webtoon.xyz/read/the-sharehouse/chapter-47/
The Sharehouse,48,EN,https://www.webtoon.xyz/read/the-sharehouse/chapter-48/
The Sharehouse,49,EN,https://www.webtoon.xyz/read/the-sharehouse/chapter-49/
The Sharehouse,50,EN,https://www.webtoon.xyz/read/the-sharehouse/chapter-50/
Boarding Diary,1,EN,https://www.webtoon.xyz/read/boarding-diary/chapter-1/
Boarding Diary,2,EN,https://www.webtoon.xyz/read/boarding-diary/chapter-2/
Boarding Diary,3,EN,https://www.webtoon.xyz/read/boarding-diary/chapter-3/
Boarding Diary,4,EN,https://www.webtoon.xyz/read/boarding-diary/chapter-4/
Boarding Diary,5,EN,https://www.webtoon.xyz/read/boarding-diary/chapter-5/
Boarding Diary,6,EN,https://www.webtoon.xyz/read/boarding-diary/chapter-6/
Boarding Diary,7,EN,https://www.webtoon.xyz/read/boarding-diary/chapter-7/
Boarding Diary,8,EN,https://www.webtoon.xyz/read/boarding-diary/chapter-8/
Boarding Diary,9,EN,https://www.webtoon.xyz/read/boarding-diary/chapter-9/
Boarding Diary,10,EN,https://www.webtoon.xyz/read/boarding-diary/chapter-10/
Boarding Diary,11,EN,https://www.webtoon.xyz/read/boarding-diary/chapter-11/
Boarding Diary,12,EN,https://www.webtoon.xyz/read/boarding-diary/chapter-12/
Boarding Diary,13,EN,https://www.webtoon.xyz/read/boarding-diary/chapter-13/
Boarding Diary,14,EN,https://www.webtoon.xyz/read/boarding-diary/chapter-14/
Boarding Diary,15,EN,https://www.webtoon.xyz/read/boarding-diary/chapter-15/
Boarding Diary,16,EN,https://www.webtoon.xyz/read/boarding-diary/chapter-16/
Boarding Diary,17,EN,https://www.webtoon.xyz/read/boarding-diary/chapter-17/
Boarding Diary,18,EN,https://www.webtoon.xyz/read/boarding-diary/chapter-18/
Boarding Diary,19,EN,https://www.webtoon.xyz/read/boarding-diary/chapter-19/
Boarding Diary,20,EN,https://www.webtoon.xyz/read/boarding-diary/chapter-20/
Boarding Diary,21,EN,https://www.webtoon.xyz/read/boarding-diary/chapter-21/
Boarding Diary,22,EN,https://www.webtoon.xyz/read/boarding-diary/chapter-22/
Boarding Diary,23,EN,https://www.webtoon.xyz/read/boarding-diary/chapter-23/
Boarding Diary,24,EN,https://www.webtoon.xyz/read/boarding-diary/chapter-24/
Boarding Diary,25,EN,https://www.webtoon.xyz/read/boarding-diary/chapter-25/
Boarding Diary,26,EN,https://www.webtoon.xyz/read/boarding-diary/chapter-26/
Boarding Diary,27,EN,https://www.webtoon.xyz/read/boarding-diary/chapter-27/
Boarding Diary,28,EN,https://www.webtoon.xyz/read/boarding-diary/chapter-28/
Boarding Diary,29,EN,https://www.webtoon.xyz/read/boarding-diary/chapter-29/
Boarding Diary,30,EN,https://www.webtoon.xyz/read/boarding-diary/chapter-30/
Boarding Diary,31,EN,https://www.webtoon.xyz/read/boarding-diary/chapter-31/
Boarding Diary,32,EN,https://www.webtoon.xyz/read/boarding-diary/chapter-32/
Boarding Diary,33,EN,https://www.webtoon.xyz/read/boarding-diary/chapter-33/
Boarding Diary,34,EN,https://www.webtoon.xyz/read/boarding-diary/chapter-34/
Boarding Diary,35,EN,https://www.webtoon.xyz/read/boarding-diary/chapter-35/
Boarding Diary,36,EN,https://www.webtoon.xyz/read/boarding-diary/chapter-36/
Boarding Diary,37,EN,https://www.webtoon.xyz/read/boarding-diary/chapter-37/
Boarding Diary,38,EN,https://www.webtoon.xyz/read/boarding-diary/chapter-38/
Boarding Diary,39,EN,https://www.webtoon.xyz/read/boarding-diary/chapter-39/
Boarding Diary,40,EN,https://www.webtoon.xyz/read/boarding-diary/chapter-40/
Boarding Diary,41,EN,https://www.webtoon.xyz/read/boarding-diary/chapter-41/
Boarding Diary,42,EN,https://www.webtoon.xyz/read/boarding-diary/chapter-42/
Boarding Diary,43,EN,https://www.webtoon.xyz/read/boarding-diary/chapter-43/
Boarding Diary,44,EN,https://www.webtoon.xyz/read/boarding-diary/chapter-44/
Boarding Diary,45,EN,https://www.webtoon.xyz/read/boarding-diary/chapter-45/
Boarding Diary,46,EN,https://www.webtoon.xyz/read/boarding-diary/chapter-46/
Boarding Diary,47,EN,https://www.webtoon.xyz/read/boarding-diary/chapter-47/
Boarding Diary,48,EN,https://www.webtoon.xyz/read/boarding-diary/chapter-48/
Boarding Diary,49,EN,https://www.webtoon.xyz/read/boarding-diary/chapter-49/
Boarding Diary,50,EN,https://www.webtoon.xyz/read/boarding-diary/chapter-50/
Boarding Diary,51,EN,https://www.webtoon.xyz/read/boarding-diary/chapter-51/
Boarding Diary,52,EN,https://www.webtoon.xyz/read/boarding-diary/chapter-52/
Boarding Diary,53,EN,https://www.webtoon.xyz/read/boarding-diary/chapter-53/
Boarding Diary,54,EN,https://www.webtoon.xyz/read/boarding-diary/chapter-54/
Boarding Diary,55,EN,https://www.webtoon.xyz/read/boarding-diary/chapter-55/
Boarding Diary,56,EN,https://www.webtoon.xyz/read/boarding-diary/chapter-56/
Boarding Diary,57,EN,https://www.webtoon.xyz/read/boarding-diary/chapter-57/
Boarding Diary,58,EN,https://www.webtoon.xyz/read/boarding-diary/chapter-58/
Boarding Diary,59,EN,https://www.webtoon.xyz/read/boarding-diary/chapter-59/
Boarding Diary,60,EN,https://www.webtoon.xyz/read/boarding-diary/chapter-60/
Boarding Diary,61,EN,https://www.webtoon.xyz/read/boarding-diary/chapter-61/
Boarding Diary,62,EN,https://www.webtoon.xyz/read/boarding-diary/chapter-62/
Boarding Diary,63,EN,https://www.webtoon.xyz/read/boarding-diary/chapter-63/
Boarding Diary,64,EN,https://www.webtoon.xyz/read/boarding-diary/chapter-64/
Boarding Diary,65,EN,https://www.webtoon.xyz/read/boarding-diary/chapter-65/
A Wonderful New World,1,EN,https://www.webtoon.xyz/read/a-wonderful-new-world/chapter-1/
A Wonderful New World,2,EN,https://www.webtoon.xyz/read/a-wonderful-new-world/chapter-2/
A Wonderful New World,3,EN,https://www.webtoon.xyz/read/a-wonderful-new-world/chapter-3/
A Wonderful New World,4,EN,https://www.webtoon.xyz/read/a-wonderful-new-world/chapter-4/
A Wonderful New World,5,EN,https://www.webtoon.xyz/read/a-wonderful-new-world/chapter-5/
A Wonderful New World,6,EN,https://www.webtoon.xyz/read/a-wonderful-new-world/chapter-6/
A Wonderful New World,7,EN,https://www.webtoon.xyz/read/a-wonderful-new-world/chapter-7/
A Wonderful New World,8,EN,https://www.webtoon.xyz/read/a-wonderful-new-world/chapter-8/
A Wonderful New World,9,EN,https://www.webtoon.xyz/read/a-wonderful-new-world/chapter-9/
A Wonderful New World,10,EN,https://www.webtoon.xyz/read/a-wonderful-new-world/chapter-10/
A Wonderful New World,11,EN,https://www.webtoon.xyz/read/a-wonderful-new-world/chapter-11/
A Wonderful New World,12,EN,https://www.webtoon.xyz/read/a-wonderful-new-world/chapter-12/
A Wonderful New World,13,EN,https://www.webtoon.xyz/read/a-wonderful-new-world/chapter-13/
A Wonderful New World,14,EN,https://www.webtoon.xyz/read/a-wonderful-new-world/chapter-14/
A Wonderful New World,15,EN,https://www.webtoon.xyz/read/a-wonderful-new-world/chapter-15/
A Wonderful New World,16,EN,https://www.webtoon.xyz/read/a-wonderful-new-world/chapter-16/
A Wonderful New World,17,EN,https://www.webtoon.xyz/read/a-wonderful-new-world/chapter-17/
A Wonderful New World,18,EN,https://www.webtoon.xyz/read/a-wonderful-new-world/chapter-18/
A Wonderful New World,19,EN,https://www.webtoon.xyz/read/a-wonderful-new-world/chapter-19/
A Wonderful New World,20,EN,https://www.webtoon.xyz/read/a-wonderful-new-world/chapter-20/
A Wonderful New World,21,EN,https://www.webtoon.xyz/read/a-wonderful-new-world/chapter-21/
A Wonderful New World,22,EN,https://www.webtoon.xyz/read/a-wonderful-new-world/chapter-22/
A Wonderful New World,23,EN,https://www.webtoon.xyz/read/a-wonderful-new-world/chapter-23/
A Wonderful New World,24,EN,https://www.webtoon.xyz/read/a-wonderful-new-world/chapter-24/
A Wonderful New World,25,EN,https://www.webtoon.xyz/read/a-wonderful-new-world/chapter-25/
A Wonderful New World,26,EN,https://www.webtoon.xyz/read/a-wonderful-new-world/chapter-26/
A Wonderful New World,27,EN,https://www.webtoon.xyz/read/a-wonderful-new-world/chapter-27/
A Wonderful New World,28,EN,https://www.webtoon.xyz/read/a-wonderful-new-world/chapter-28/
A Wonderful New World,29,EN,https://www.webtoon.xyz/read/a-wonderful-new-world/chapter-29/
A Wonderful New World,30,EN,https://www.webtoon.xyz/read/a-wonderful-new-world/chapter-30/
A Wonderful New World,31,EN,https://www.webtoon.xyz/read/a-wonderful-new-world/chapter-31/
A Wonderful New World,32,EN,https://www.webtoon.xyz/read/a-wonderful-new-world/chapter-32/
A Wonderful New World,33,EN,https://www.webtoon.xyz/read/a-wonderful-new-world/chapter-33/
A Wonderful New World,34,EN,https://www.webtoon.xyz/read/a-wonderful-new-world/chapter-34/
A Wonderful New World,35,EN,https://www.webtoon.xyz/read/a-wonderful-new-world/chapter-35/
A Wonderful New World,36,EN,https://www.webtoon.xyz/read/a-wonderful-new-world/chapter-36/
A Wonderful New World,37,EN,https://www.webtoon.xyz/read/a-wonderful-new-world/chapter-37/
A Wonderful New World,38,EN,https://www.webtoon.xyz/read/a-wonderful-new-world/chapter-38/
A Wonderful New World,39,EN,https://www.webtoon.xyz/read/a-wonderful-new-world/chapter-39/
A Wonderful New World,40,EN,https://www.webtoon.xyz/read/a-wonderful-new-world/chapter-40/
A Wonderful New World,41,EN,https://www.webtoon.xyz/read/a-wonderful-new-world/chapter-41/
A Wonderful New World,42,EN,https://www.webtoon.xyz/read/a-wonderful-new-world/chapter-42/
A Wonderful New World,43,EN,https://www.webtoon.xyz/read/a-wonderful-new-world/chapter-43/
A Wonderful New World,44,EN,https://www.webtoon.xyz/read/a-wonderful-new-world/chapter-44/
A Wonderful New World,45,EN,https://www.webtoon.xyz/read/a-wonderful-new-world/chapter-45/
A Wonderful New World,46,EN,https://www.webtoon.xyz/read/a-wonderful-new-world/chapter-46/
A Wonderful New World,47,EN,https://www.webtoon.xyz/read/a-wonderful-new-world/chapter-47/
A Wonderful New World,48,EN,https://www.webtoon.xyz/read/a-wonderful-new-world/chapter-48/
A Wonderful New World,49,EN,https://www.webtoon.xyz/read/a-wonderful-new-world/chapter-49/
A Wonderful New World,50,EN,https://www.webtoon.xyz/read/a-wonderful-new-world/chapter-50/
A Wonderful New World,51,EN,https://www.webtoon.xyz/read/a-wonderful-new-world/chapter-51/
A Wonderful New World,52,EN,https://www.webtoon.xyz/read/a-wonderful-new-world/chapter-52/
A Wonderful New World,53,EN,https://www.webtoon.xyz/read/a-wonderful-new-world/chapter-53/
A Wonderful New World,54,EN,https://www.webtoon.xyz/read/a-wonderful-new-world/chapter-54/
A Wonderful New World,55,EN,https://www.webtoon.xyz/read/a-wonderful-new-world/chapter-55/
A Wonderful New World,56,EN,https://www.webtoon.xyz/read/a-wonderful-new-world/chapter-56/
A Wonderful New World,57,EN,https://www.webtoon.xyz/read/a-wonderful-new-world/chapter-57/
A Wonderful New World,58,EN,https://www.webtoon.xyz/read/a-wonderful-new-world/chapter-58/
A Wonderful New World,59,EN,https://www.webtoon.xyz/read/a-wonderful-new-world/chapter-59/
A Wonderful New World,60,EN,https://www.webtoon.xyz/read/a-wonderful-new-world/chapter-60/
A Wonderful New World,61,EN,https://www.webtoon.xyz/read/a-wonderful-new-world/chapter-61/
A Wonderful New World,62,EN,https://www.webtoon.xyz/read/a-wonderful-new-world/chapter-62/
A Wonderful New World,63,EN,https://www.webtoon.xyz/read/a-wonderful-new-world/chapter-63/
A Wonderful New World,64,EN,https://www.webtoon.xyz/read/a-wonderful-new-world/chapter-64/
A Wonderful New World,65,EN,https://www.webtoon.xyz/read/a-wonderful-new-world/chapter-65/
A Wonderful New World,66,EN,https://www.webtoon.xyz/read/a-wonderful-new-world/chapter-66/
A Wonderful New World,67,EN,https://www.webtoon.xyz/read/a-wonderful-new-world/chapter-67/
A Wonderful New World,68,EN,https://www.webtoon.xyz/read/a-wonderful-new-world/chapter-68/
A Wonderful New World,69,EN,https://www.webtoon.xyz/read/a-wonderful-new-world/chapter-69/
A Wonderful New World,70,EN,https://www.webtoon.xyz/read/a-wonderful-new-world/chapter-70/
A Wonderful New World,71,EN,https://www.webtoon.xyz/read/a-wonderful-new-world/chapter-71/
A Wonderful New World,72,EN,https://www.webtoon.xyz/read/a-wonderful-new-world/chapter-72/
A Wonderful New World,73,EN,https://www.webtoon.xyz/read/a-wonderful-new-world/chapter-73/
A Wonderful New World,74,EN,https://www.webtoon.xyz/read/a-wonderful-new-world/chapter-74/
A Wonderful New World,75,EN,https://www.webtoon.xyz/read/a-wonderful-new-world/chapter-75/
A Wonderful New World,76,EN,https://www.webtoon.xyz/read/a-wonderful-new-world/chapter-76/
A Wonderful New World,77,EN,https://www.webtoon.xyz/read/a-wonderful-new-world/chapter-77/
A Wonderful New World,78,EN,https://www.webtoon.xyz/read/a-wonderful-new-world/chapter-78/
A Wonderful New World,79,EN,https://www.webtoon.xyz/read/a-wonderful-new-world/chapter-79/
A Wonderful New World,80,EN,https://www.webtoon.xyz/read/a-wonderful-new-world/chapter-80/
A Wonderful New World,81,EN,https://www.webtoon.xyz/read/a-wonderful-new-world/chapter-81/
A Wonderful New World,82,EN,https://www.webtoon.xyz/read/a-wonderful-new-world/chapter-82/
A Wonderful New World,83,EN,https://www.webtoon.xyz/read/a-wonderful-new-world/chapter-83/
A Wonderful New World,84,EN,https://www.webtoon.xyz/read/a-wonderful-new-world/chapter-84/
A Wonderful New World,85,EN,https://www.webtoon.xyz/read/a-wonderful-new-world/chapter-85/
A Wonderful New World,86,EN,https://www.webtoon.xyz/read/a-wonderful-new-world/chapter-86/
A Wonderful New World,87,EN,https://www.webtoon.xyz/read/a-wonderful-new-world/chapter-87/
A Wonderful New World,88,EN,https://www.webtoon.xyz/read/a-wonderful-new-world/chapter-88/
A Wonderful New World,89,EN,https://www.webtoon.xyz/read/a-wonderful-new-world/chapter-89/
A Wonderful New World,90,EN,https://www.webtoon.xyz/read/a-wonderful-new-world/chapter-90/
A Wonderful New World,91,EN,https://www.webtoon.xyz/read/a-wonderful-new-world/chapter-91/
A Wonderful New World,92,EN,https://www.webtoon.xyz/read/a-wonderful-new-world/chapter-92/
A Wonderful New World,93,EN,https://www.webtoon.xyz/read/a-wonderful-new-world/chapter-93/
A Wonderful New World,94,EN,https://www.webtoon.xyz/read/a-wonderful-new-world/chapter-94/
A Wonderful New World,95,EN,https://www.webtoon.xyz/read/a-wonderful-new-world/chapter-95/
A Wonderful New World,96,EN,https://www.webtoon.xyz/read/a-wonderful-new-world/chapter-96/
A Wonderful New World,97,EN,https://www.webtoon.xyz/read/a-wonderful-new-world/chapter-97/
A Wonderful New World,98,EN,https://www.webtoon.xyz/read/a-wonderful-new-world/chapter-98/
A Wonderful New World,99,EN,https://www.webtoon.xyz/read/a-wonderful-new-world/chapter-99/
A Wonderful New World,100,EN,https://www.webtoon.xyz/read/a-wonderful-new-world/chapter-100/
A Wonderful New World,101,EN,https://www.webtoon.xyz/read/a-wonderful-new-world/chapter-101/
A Wonderful New World,102,EN,https://www.webtoon.xyz/read/a-wonderful-new-world/chapter-102/
A Wonderful New World,103,EN,https://www.webtoon.xyz/read/a-wonderful-new-world/chapter-103/
A Wonderful New World,104,EN,https://www.webtoon.xyz/read/a-wonderful-new-world/chapter-104/
A Wonderful New World,105,EN,https://www.webtoon.xyz/read/a-wonderful-new-world/chapter-105/
A Wonderful New World,106,EN,https://www.webtoon.xyz/read/a-wonderful-new-world/chapter-106/
A Wonderful New World,107,EN,https://www.webtoon.xyz/read/a-wonderful-new-world/chapter-107/
A Wonderful New World,108,EN,https://www.webtoon.xyz/read/a-wonderful-new-world/chapter-108/
A Wonderful New World,109,EN,https://www.webtoon.xyz/read/a-wonderful-new-world/chapter-109/
A Wonderful New World,110,EN,https://www.webtoon.xyz/read/a-wonderful-new-world/chapter-110/
A Wonderful New World,111,EN,https://www.webtoon.xyz/read/a-wonderful-new-world/chapter-111/
A Wonderful New World,112,EN,https://www.webtoon.xyz/read/a-wonderful-new-world/chapter-112/
A Wonderful New World,113,EN,https://www.webtoon.xyz/read/a-wonderful-new-world/chapter-113/
A Wonderful New World,114,EN,https://www.webtoon.xyz/read/a-wonderful-new-world/chapter-114/
A Wonderful New World,115,EN,https://www.webtoon.xyz/read/a-wonderful-new-world/chapter-115/
A Wonderful New World,116,EN,https://www.webtoon.xyz/read/a-wonderful-new-world/chapter-116/
A Wonderful New World,117,EN,https://www.webtoon.xyz/read/a-wonderful-new-world/chapter-117/
A Wonderful New World,118,EN,https://www.webtoon.xyz/read/a-wonderful-new-world/chapter-118/
A Wonderful New World,119,EN,https://www.webtoon.xyz/read/a-wonderful-new-world/chapter-119/
A Wonderful New World,120,EN,https://www.webtoon.xyz/read/a-wonderful-new-world/chapter-120/
A Wonderful New World,121,EN,https://www.webtoon.xyz/read/a-wonderful-new-world/chapter-121/
A Wonderful New World,122,EN,https://www.webtoon.xyz/read/a-wonderful-new-world/chapter-122/
In The Summer,1,EN,https://www.webtoon.xyz/read/in-the-summer/chapter-1/
In The Summer,2,EN,https://www.webtoon.xyz/read/in-the-summer/chapter-2/
In The Summer,3,EN,https://www.webtoon.xyz/read/in-the-summer/chapter-3/
In The Summer,4,EN,https://www.webtoon.xyz/read/in-the-summer/chapter-4/
In The Summer,5,EN,https://www.webtoon.xyz/read/in-the-summer/chapter-5/
In The Summer,6,EN,https://www.webtoon.xyz/read/in-the-summer/chapter-6/
In The Summer,7,EN,https://www.webtoon.xyz/read/in-the-summer/chapter-7/
In The Summer,8,EN,https://www.webtoon.xyz/read/in-the-summer/chapter-8/
In The Summer,9,EN,https://www.webtoon.xyz/read/in-the-summer/chapter-9/
In The Summer,10,EN,https://www.webtoon.xyz/read/in-the-summer/chapter-10/
In The Summer,11,EN,https://www.webtoon.xyz/read/in-the-summer/chapter-11/
In The Summer,12,EN,https://www.webtoon.xyz/read/in-the-summer/chapter-12/
In The Summer,13,EN,https://www.webtoon.xyz/read/in-the-summer/chapter-13/
In The Summer,14,EN,https://www.webtoon.xyz/read/in-the-summer/chapter-14/
In The Summer,15,EN,https://www.webtoon.xyz/read/in-the-summer/chapter-15/
In The Summer,16,EN,https://www.webtoon.xyz/read/in-the-summer/chapter-16/
In The Summer,17,EN,https://www.webtoon.xyz/read/in-the-summer/chapter-17/
In The Summer,18,EN,https://www.webtoon.xyz/read/in-the-summer/chapter-18/
In The Summer,19,EN,https://www.webtoon.xyz/read/in-the-summer/chapter-19/
In The Summer,20,EN,https://www.webtoon.xyz/read/in-the-summer/chapter-20/
In The Summer,21,EN,https://www.webtoon.xyz/read/in-the-summer/chapter-21/
In The Summer,22,EN,https://www.webtoon.xyz/read/in-the-summer/chapter-22/
In The Summer,23,EN,https://www.webtoon.xyz/read/in-the-summer/chapter-23/
In The Summer,24,EN,https://www.webtoon.xyz/read/in-the-summer/chapter-24/
In The Summer,25,EN,https://www.webtoon.xyz/read/in-the-summer/chapter-25/